"Iteration","Statistics Report 1 Monitor: Statistics Report 1 Monitor"
1.0,27.48373866812421
2.0,21.830173465223858
3.0,14.942175999132344
4.0,11.126916053478253
5.0,8.793793173248465
6.0,7.274375829644822
7.0,6.224815323801296
8.0,5.482329202577439
9.0,4.9350654947209875
10.0,4.504054265787795
11.0,4.1615475622301945
12.0,3.8807307066831522
13.0,3.6460481959043474
14.0,3.44573180832678
15.0,3.271447838697345
16.0,3.1171726231284906
17.0,2.9791497325506247
18.0,2.85495755118535
19.0,2.742854104128087
20.0,2.6415261883991357
21.0,2.549379501764043
22.0,2.465195098456279
23.0,2.388063008753965
24.0,2.317231629607227
25.0,2.25199820517666
26.0,2.1917499505697964
27.0,2.136002170103325
28.0,2.08426291180872
29.0,2.036060338517271
30.0,1.9909484000639273
31.0,1.9486037140020558
32.0,1.9087642401960874
33.0,1.8711772682556362
34.0,1.8356027854805834
35.0,1.8018811197383335
36.0,1.769827869121759
37.0,1.7393431622358313
38.0,1.7103481134912755
39.0,1.6827982529288186
40.0,1.6566236284507574
41.0,1.6317643508351902
42.0,1.6081269600804464
43.0,1.5855991133614253
44.0,1.564064543625175
45.0,1.5434215528039101
46.0,1.5235825022910208
47.0,1.5044929413908847
48.0,1.486127997705102
49.0,1.468459604513968
50.0,1.4514666489010912
51.0,1.4351325434610993
52.0,1.4194312539751726
53.0,1.4043293243319008
54.0,1.3897939386062335
55.0,1.3757801327137706
56.0,1.3622527871928634
57.0,1.3491708410130105
58.0,1.3365094266235416
59.0,1.3242417693798763
60.0,1.3123508759720874
61.0,1.3008197840042415
62.0,1.2896305171666338
63.0,1.2787703354583202
64.0,1.268223186457201
65.0,1.2579782697351265
66.0,1.2480203805958114
67.0,1.2383461173487746
68.0,1.228951975108627
69.0,1.2198323666297797
70.0,1.2109829093592024
71.0,1.2023930881049358
72.0,1.1940492209646012
73.0,1.1859356076927685
74.0,1.1780372941020425
75.0,1.1703360861269283
76.0,1.1628241899170337
77.0,1.1554911044759901
78.0,1.148326456934554
79.0,1.1413228824968409
80.0,1.1344722586281604
81.0,1.1277699455014003
82.0,1.12121156547576
83.0,1.1147965211437838
84.0,1.1085194165019776
85.0,1.1023798404749723
86.0,1.0963787208843936
87.0,1.0905142486397996
88.0,1.0847857937438763
89.0,1.0791922725662098
90.0,1.07372867866015
91.0,1.068391601774515
92.0,1.0631699052174057
93.0,1.0580568571624591
94.0,1.05304545669257
95.0,1.0481281170756547
96.0,1.0433002729957794
97.0,1.038556708277002
98.0,1.0338943146969706
99.0,1.0293074888377953
100.0,1.0247958481527242
101.0,1.0203551527884245
102.0,1.0159842802376342
103.0,1.0116798726586362
104.0,1.007440305655813
105.0,1.0032646131227247
106.0,0.9991528569999115
107.0,0.9951021681939409
108.0,0.9911121086215433
109.0,0.9871821915933177
110.0,0.983310525624843
111.0,0.9794955980808496
112.0,0.9757364808798629
113.0,0.9720317153455227
114.0,0.9683799203246989
115.0,0.9647811078713737
116.0,0.9612326731023098
117.0,0.957733749575155
118.0,0.9542829366701152
119.0,0.9508788693681762
120.0,0.9475198050016789
121.0,0.944204677701515
122.0,0.9409332199077122
123.0,0.9377057775542906
124.0,0.9345219325304668
125.0,0.9313807471314587
126.0,0.9282817237451858
127.0,0.9252247946672303
128.0,0.9222080981919571
129.0,0.9192303636533243
130.0,0.9162900779176344
131.0,0.9133849728353048
132.0,0.9105147724137841
133.0,0.9076780819643943
134.0,0.9048741938989832
135.0,0.9021020130490005
136.0,0.8993609140444176
137.0,0.8966504487442363
138.0,0.8939703583203545
139.0,0.8913205700080669
140.0,0.8887015902995821
141.0,0.8861113587232119
142.0,0.8835492127544562
143.0,0.8810138421998345
144.0,0.8785044154261645
145.0,0.8760201226273077
146.0,0.8735600568467342
147.0,0.8711232165198426
148.0,0.8687086049816994
149.0,0.8663154437776063
150.0,0.86394354014728
151.0,0.8615915583691717
152.0,0.8592594558635224
153.0,0.8569450764812816
154.0,0.8546485221714635
155.0,0.852368366133101
156.0,0.8501050695181791
157.0,0.847861170482187
158.0,0.8456382390293735
159.0,0.8434392439941995
160.0,0.8412649175076556
161.0,0.8391154354170767
162.0,0.8369912564362629
163.0,0.8348906601804172
164.0,0.8328125834288872
165.0,0.8307556897164308
166.0,0.8287193588963528
167.0,0.8267021699839492
168.0,0.8247025826931227
169.0,0.8227194230604874
170.0,0.8207535711449683
171.0,0.8188058259659132
172.0,0.8168771733126065
173.0,0.8149693072527402
174.0,0.8130814925517137
175.0,0.8112139055687594
176.0,0.8093664016548844
177.0,0.8075394784012063
178.0,0.8057329389781388
179.0,0.8039460461314614
180.0,0.8021791239313457
181.0,0.8004320148469503
182.0,0.7987040816503005
183.0,0.7969941697844887
184.0,0.7953030350871656
185.0,0.7936309641371493
186.0,0.7919782393365857
187.0,0.7903448535561016
188.0,0.7887318121710327
189.0,0.787139825079868
190.0,0.7855691293798488
191.0,0.7840200680267835
192.0,0.7824925830552248
193.0,0.7809862972335527
194.0,0.7795009272341511
195.0,0.7780368567734769
196.0,0.7765924973669647
197.0,0.7751669767341887
198.0,0.773759517184705
199.0,0.7723695995283161
200.0,0.7709957261808955
201.0,0.769636731200163
202.0,0.7682915166329191
203.0,0.7669592432326175
204.0,0.765639032148362
205.0,0.764330928372857
206.0,0.7630337805613664
207.0,0.7617477541373308
208.0,0.7604720133821886
209.0,0.7592061446776691
210.0,0.757949855058928
211.0,0.7567022802773846
212.0,0.7554638282749088
213.0,0.7542346676520584
214.0,0.7530153182007336
215.0,0.7518057752097848
216.0,0.7506056926362169
217.0,0.749415537471497
218.0,0.7482344101468191
219.0,0.7470625770585476
220.0,0.7458995903778574
221.0,0.7447450348183335
222.0,0.7435991353765674
223.0,0.742461127120497
224.0,0.7413305395498917
225.0,0.7402065244473277
226.0,0.7390891801685497
227.0,0.7379784828094423
228.0,0.7368739891911088
229.0,0.7357758023822591
230.0,0.7346842915726463
231.0,0.7335995770921446
232.0,0.7325220904157379
233.0,0.7314516418464387
234.0,0.7303881428438488
235.0,0.7293314644397779
236.0,0.7282809168517718
237.0,0.7272350816615726
238.0,0.726193200211169
239.0,0.7251546275883922
240.0,0.7241188134109182
241.0,0.72308644286149
242.0,0.7220576100647674
243.0,0.7210329253213181
244.0,0.7200134609569391
245.0,0.7190004859524168
246.0,0.717994721335339
247.0,0.716997163547505
248.0,0.7160087684589279
249.0,0.7150303802595173
250.0,0.7140626582641847
251.0,0.7131059606798736
252.0,0.7121602345789119
253.0,0.7112252196644097
254.0,0.7103010529219762
255.0,0.7093872307360342
256.0,0.7084831200482058
257.0,0.7075878622868634
258.0,0.7067004783119932
259.0,0.705820382959934
260.0,0.7049460124621015
261.0,0.704076490943228
262.0,0.7032110746671157
263.0,0.7023490678542811
264.0,0.7014899014916114
265.0,0.7006335617076732
266.0,0.699780330529762
267.0,0.6989300912804035
268.0,0.698083245767736
269.0,0.6972403754476411
270.0,0.6964012250410865
271.0,0.6955663046003878
272.0,0.6947354880606891
273.0,0.6939085955165415
274.0,0.6930859105620615
275.0,0.6922675308994778
276.0,0.691454071059842
277.0,0.6906463911174148
278.0,0.6898445194879217
279.0,0.6890487077407222
280.0,0.6882588190140273
281.0,0.6874741399211601
282.0,0.6866944128887702
283.0,0.6859198326690185
284.0,0.685149649907149
285.0,0.684384529745623
286.0,0.6836253455040925
287.0,0.6828734167683629
288.0,0.6821301093476582
289.0,0.681396189573084
290.0,0.6806729153039579
291.0,0.6799608372655926
292.0,0.6792596581736379
293.0,0.6785685844900794
294.0,0.6778867048948516
295.0,0.6772127012565695
296.0,0.676545495415423
297.0,0.6758838993459655
298.0,0.6752273181022869
299.0,0.6745754253955841
300.0,0.6739278564228361
301.0,0.6732846568882921
302.0,0.6726461276358908
303.0,0.6720119363676279
304.0,0.671381649637521
305.0,0.6707548405663369
306.0,0.670131222701709
307.0,0.6695105115596067
308.0,0.6688922935295746
309.0,0.6682756022072092
310.0,0.6676594961399144
311.0,0.6670434059937222
312.0,0.666426741281538
313.0,0.6658093632648457
314.0,0.6651912941988259
315.0,0.6645736546999444
316.0,0.6639575562463836
317.0,0.6633442681069159
318.0,0.6627349992776014
319.0,0.6621311629262961
320.0,0.6615327685360536
321.0,0.6609397876866718
322.0,0.6603516624438582
323.0,0.6597674047038331
324.0,0.6591862965583415
325.0,0.6586070121549467
326.0,0.6580290435667079
327.0,0.6574521274763424
328.0,0.6568769442867303
329.0,0.6563041654845237
330.0,0.6557348975417432
331.0,0.6551703067718669
332.0,0.6546113626331971
333.0,0.6540587740063872
334.0,0.6535130293730066
335.0,0.6529733479437874
336.0,0.652438720285069
337.0,0.651907729272913
338.0,0.6513792596812062
339.0,0.6508522590146099
340.0,0.6503260551822565
341.0,0.6498001946380569
342.0,0.6492751932341266
343.0,0.6487512362073493
344.0,0.6482293895224757
345.0,0.6477101578308756
346.0,0.647194033300906
347.0,0.6466813739548228
348.0,0.6461721399451176
349.0,0.6456661357741891
350.0,0.6451632351753133
351.0,0.6446632312964086
352.0,0.6441662810979683
353.0,0.6436721058663843
354.0,0.6431808426497129
355.0,0.6426922759395779
356.0,0.6422063736356759
357.0,0.6417230629320995
358.0,0.6412423021808921
359.0,0.6407642085273072
360.0,0.6402894710603909
361.0,0.6398187682815905
362.0,0.6393524148559642
363.0,0.6388904600934108
364.0,0.6384327551178767
365.0,0.6379789696989243
366.0,0.6375282198795518
367.0,0.6370799818911228
368.0,0.6366332118883355
369.0,0.6361874819230521
370.0,0.6357425617514861
371.0,0.6352985592685656
372.0,0.6348560200185402
373.0,0.6344156574999371
374.0,0.6339783744766262
375.0,0.6335448216721943
376.0,0.6331150017354005
377.0,0.6326888426470697
378.0,0.6322661155489685
379.0,0.6318461134940947
380.0,0.6314282892832317
381.0,0.6310122266816007
382.0,0.6305982179960834
383.0,0.6301865800153074
384.0,0.6297778163048231
385.0,0.6293723725762657
386.0,0.6289709496648119
387.0,0.628573439196778
388.0,0.6281798265220134
389.0,0.6277894529218894
390.0,0.6274011352099531
391.0,0.6270136448638904
392.0,0.6266259532088015
393.0,0.6262368652920818
394.0,0.6258458896310242
395.0,0.6254527651586163
396.0,0.6250577241365707
397.0,0.6246615124858016
398.0,0.6242652255374451
399.0,0.6238701124478898
400.0,0.6234769883991279
401.0,0.623086353591931
402.0,0.6226985232075939
403.0,0.6223132761011446
404.0,0.6219302496576363
405.0,0.6215491443730381
406.0,0.6211695090524831
407.0,0.6207908745238485
408.0,0.6204133287262638
409.0,0.6200369475046326
410.0,0.6196620105162614
411.0,0.6192889850364014
412.0,0.6189183057205233
413.0,0.6185499638950568
414.0,0.6181839463444665
415.0,0.6178197139079245
416.0,0.6174564253187902
417.0,0.6170932033421873
418.0,0.6167292752231148
419.0,0.6163641194034446
420.0,0.6159977632302339
421.0,0.6156306364896825
422.0,0.6152631678541571
423.0,0.6148959839666482
424.0,0.6145298898447228
425.0,0.6141653743885365
426.0,0.613802423766973
427.0,0.6134407795199249
428.0,0.6130798974868621
429.0,0.6127191943876785
430.0,0.6123583986200497
431.0,0.6119974315035742
432.0,0.6116363675666051
433.0,0.6112756303226288
434.0,0.6109157724127682
435.0,0.6105570824634518
436.0,0.6101996655732375
437.0,0.6098434003200923
438.0,0.6094880981964473
439.0,0.6091330291137522
440.0,0.6087775491919354
441.0,0.6084212210906953
442.0,0.6080636637420973
443.0,0.6077049594343893
444.0,0.607345527946336
445.0,0.6069860045350233
446.0,0.6066270959806697
447.0,0.6062695230383985
448.0,0.6059138618670373
449.0,0.6055605937758131
450.0,0.6052097985216215
451.0,0.6048614754674574
452.0,0.6045156607756806
453.0,0.6041723039455921
454.0,0.6038313720976497
455.0,0.6034931889951273
456.0,0.6031582686204505
457.0,0.6028267692763293
458.0,0.6024987374653136
459.0,0.6021741436353696
460.0,0.6018528298665052
461.0,0.601534685315325
462.0,0.6012195286957849
463.0,0.6009073362723824
464.0,0.6005980656838923
465.0,0.6002917673424436
466.0,0.5999885061192941
467.0,0.5996882674493301
468.0,0.5993912651021236
469.0,0.5990973679808622
470.0,0.5988062101249866
471.0,0.5985174424589819
472.0,0.5982305546988551
473.0,0.597945335857222
474.0,0.5976615082582866
475.0,0.5973789840492162
476.0,0.5970977054637152
477.0,0.5968177848900434
478.0,0.5965393944706562
479.0,0.5962630067015264
480.0,0.5959891516657421
481.0,0.5957184350379005
482.0,0.59545126914371
483.0,0.5951880865421735
484.0,0.5949291956488127
485.0,0.5946747057088448
486.0,0.5944245902644407
487.0,0.5941787053750426
488.0,0.5939365305496253
489.0,0.5936975151750149
490.0,0.593460937901102
491.0,0.5932260734020791
492.0,0.5929922563036454
493.0,0.5927589064356767
494.0,0.5925255558751729
495.0,0.5922916476545705
496.0,0.5920569705698556
497.0,0.5918211822774538
498.0,0.5915843815377209
499.0,0.5913464114378494
500.0,0.5911076340186006
501.0,0.5908686305436418
502.0,0.5906298048916793
503.0,0.5903916425857869
504.0,0.5901544753527667
505.0,0.5899185409969558
506.0,0.5896839487575148
507.0,0.5894504076095677
508.0,0.5892177427645178
509.0,0.5889856454796811
510.0,0.588753900134063
511.0,0.5885222725877167
512.0,0.588290826981441
513.0,0.5880597196277694
514.0,0.5878287481587322
515.0,0.5875982319090394
516.0,0.5873684278007884
517.0,0.5871392314591981
518.0,0.5869105294187653
519.0,0.5866822878826204
520.0,0.586454374584892
521.0,0.5862267660759165
522.0,0.5859995916008707
523.0,0.5857730021798421
524.0,0.5855472270739547
525.0,0.5853223735633836
526.0,0.5850984595225783
527.0,0.5848754377735393
528.0,0.5846531926408486
529.0,0.58443162711132
530.0,0.5842107061366325
531.0,0.5839903389822122
532.0,0.5837705897972936
533.0,0.5835516435687417
534.0,0.5833337644342875
535.0,0.583117051470209
536.0,0.5829014909149267
537.0,0.5826871252491144
538.0,0.5824739227979043
539.0,0.5822618028303667
540.0,0.5820507240681095
541.0,0.5818404321250352
542.0,0.581630788633232
543.0,0.5814214606944016
544.0,0.5812121927527212
545.0,0.5810027961306227
546.0,0.5807932035836527
547.0,0.5805835215103576
548.0,0.5803740327096727
549.0,0.5801649310579208
550.0,0.5799563665115582
551.0,0.579748587110741
552.0,0.5795416892166124
553.0,0.579335580433524
554.0,0.5791303014481041
555.0,0.5789255662820325
556.0,0.5787213457909365
557.0,0.5785173789310125
558.0,0.5783138351987922
559.0,0.5781109514887158
560.0,0.5779090540416911
561.0,0.5777085194896916
562.0,0.5775093902521982
563.0,0.5773117678143271
564.0,0.5771158799451723
565.0,0.5769214824232637
566.0,0.5767282861213352
567.0,0.5765362692532232
568.0,0.57634490987526
569.0,0.5761537984176089
570.0,0.57596272714882
571.0,0.5757713173946187
572.0,0.5755792796280671
573.0,0.575386650630153
574.0,0.5751935276995022
575.0,0.575000026929649
576.0,0.5748063245508085
577.0,0.5746126507571829
578.0,0.5744195216811024
579.0,0.5742273832030987
580.0,0.5740364729303388
581.0,0.5738469669840968
582.0,0.5736591627803991
583.0,0.5734728849394923
584.0,0.5732882698325095
585.0,0.5731050720205427
586.0,0.572922948299379
587.0,0.5727417209202829
588.0,0.5725612310900925
589.0,0.5723811428182638
590.0,0.5722013758276191
591.0,0.5720219564299017
592.0,0.5718430615122562
593.0,0.5716646425623569
594.0,0.5714867894370987
595.0,0.5713095923770198
596.0,0.571132914469236
597.0,0.5709566960903948
598.0,0.5707808245176703
599.0,0.5706052608661912
600.0,0.5704297356001137
601.0,0.5702542004520615
602.0,0.570078569699074
603.0,0.5699028097834811
604.0,0.569726955294725
605.0,0.5695512097343636
606.0,0.5693754939608
607.0,0.5692000767311794
608.0,0.5690249894586525
609.0,0.568850278895341
610.0,0.5686757206965903
611.0,0.5685011600218138
612.0,0.5683265406538979
613.0,0.5681516494780964
614.0,0.5679763028579287
615.0,0.5678003286377156
616.0,0.5676237404470719
617.0,0.5674465519147892
618.0,0.5672690028487006
619.0,0.5670911570316391
620.0,0.5669133787154678
621.0,0.5667360454210497
622.0,0.566559504918809
623.0,0.5663840842411102
624.0,0.5662100073620558
625.0,0.5660373205568735
626.0,0.5658659140505996
627.0,0.5656957449573455
628.0,0.5655266252854311
629.0,0.5653584277348921
630.0,0.5651910696692902
631.0,0.5650245549046018
632.0,0.5648589092412745
633.0,0.564694144358398
634.0,0.5645302968158009
635.0,0.564367476333499
636.0,0.5642057241587055
637.0,0.5640451282388677
638.0,0.5638857191294012
639.0,0.5637274397503768
640.0,0.5635702949970652
641.0,0.5634142807032948
642.0,0.5632594559557137
643.0,0.5631059639684969
644.0,0.5629539109315683
645.0,0.5628034219000556
646.0,0.562654740835929
647.0,0.5625079045844019
648.0,0.5623630477916989
649.0,0.5622202427113976
650.0,0.5620794494245371
651.0,0.5619403743089773
652.0,0.5618028249160275
653.0,0.5616663050239474
654.0,0.5615304310705485
655.0,0.5613948708903257
656.0,0.5612593233958181
657.0,0.5611235923920859
658.0,0.560987607340966
659.0,0.5608515598903033
660.0,0.5607155263986272
661.0,0.5605796718100242
662.0,0.5604441475318891
663.0,0.5603089255194074
664.0,0.5601740549805607
665.0,0.56003944600724
666.0,0.5599052264800375
667.0,0.5597712882298009
668.0,0.5596375066301044
669.0,0.5595036316194473
670.0,0.5593695341612589
671.0,0.5592351593076943
672.0,0.5591005784869666
673.0,0.558965889741117
674.0,0.5588310721669433
675.0,0.5586962313013011
676.0,0.5585613693153562
677.0,0.5584261697434263
678.0,0.5582906178514643
679.0,0.5581545177161709
680.0,0.5580177545146334
681.0,0.5578803245182288
682.0,0.557742069419955
683.0,0.5576029097497199
684.0,0.5574628491957857
685.0,0.5573218811487638
686.0,0.5571801626243782
687.0,0.5570378936550093
688.0,0.5568954018152932
689.0,0.55675295300258
690.0,0.5566107218868512
691.0,0.5564690045346699
692.0,0.5563278665930318
693.0,0.5561873903689915
694.0,0.5560475118770072
695.0,0.5559081724440327
696.0,0.5557692099433643
697.0,0.5556306717504952
698.0,0.5554924653692026
699.0,0.5553545023062675
700.0,0.5552168668549835
701.0,0.5550797504074849
702.0,0.5549432576310952
703.0,0.554807467570739
704.0,0.5546726128604297
705.0,0.5545386609382544
706.0,0.5544056926957367
707.0,0.5542735648642049
708.0,0.5541422784976499
709.0,0.5540114916319272
710.0,0.5538811135324296
711.0,0.5537507614832682
712.0,0.5536204332196801
713.0,0.553489902518697
714.0,0.5533592116893009
715.0,0.5532283616634399
716.0,0.5530975245069699
717.0,0.5529668463665898
718.0,0.5528365613976203
719.0,0.5527070322169069
720.0,0.5525783991755894
721.0,0.5524508237553334
722.0,0.5523244729946851
723.0,0.5521992320411306
724.0,0.5520750398127598
725.0,0.5519516499009275
726.0,0.5518290246887012
727.0,0.5517070815786635
728.0,0.551585712076546
729.0,0.5514648273533725
730.0,0.5513442755443212
731.0,0.5512239182738937
732.0,0.5511035915824047
733.0,0.5509831844794801
734.0,0.5508624776158387
735.0,0.5507415053320918
736.0,0.5506200546937129
737.0,0.5504981368281912
738.0,0.5503756479774318
739.0,0.550252541397497
740.0,0.5501287095219655
741.0,0.5500041738601376
742.0,0.5498786539699067
743.0,0.5497520288354371
744.0,0.549624320937848
745.0,0.5494956115391675
746.0,0.5493660147735117
747.0,0.5492358408428618
748.0,0.5491053844783466
749.0,0.5489748724454144
750.0,0.5488445895343312
751.0,0.5487147732277196
752.0,0.5485854850037543
753.0,0.5484567350969035
754.0,0.548328324973738
755.0,0.5482001319243666
756.0,0.5480719852894458
757.0,0.5479438945794929
758.0,0.5478158391989043
759.0,0.5476878439052448
760.0,0.5475599208998394
761.0,0.5474321125919791
762.0,0.5473044402757001
763.0,0.5471769245839592
764.0,0.5470496371241548
765.0,0.5469225720055283
766.0,0.5467959311811414
767.0,0.5466697272904104
768.0,0.546544023428211
769.0,0.5464189060753246
770.0,0.5462944125989627
771.0,0.5461704729933765
772.0,0.5460469408388664
773.0,0.5459236357327263
774.0,0.5458004315708969
775.0,0.5456771723594643
776.0,0.5455537646212688
777.0,0.5454301743406882
778.0,0.5453063358990256
779.0,0.5451821972261404
780.0,0.5450577779624676
781.0,0.5449331885737633
782.0,0.5448085186347618
783.0,0.5446838848891952
784.0,0.5445593164710619
785.0,0.5444349701292068
786.0,0.5443107926524412
787.0,0.5441868030572086
788.0,0.5440630650438798
789.0,0.5439396807704242
790.0,0.5438168136963125
791.0,0.5436945668896856
792.0,0.5435730524211757
793.0,0.5434521709036382
794.0,0.543332093069857
795.0,0.5432127572743908
796.0,0.5430941689935279
797.0,0.5429764160705753
798.0,0.5428595484962293
799.0,0.5427436274494869
800.0,0.5426284539637776
801.0,0.542513744514307
802.0,0.5423993135667661
803.0,0.5422848505554134
804.0,0.5421701725438367
805.0,0.5420549591152016
806.0,0.5419390566789881
807.0,0.5418224588747037
808.0,0.541705210625505
809.0,0.5415875239028898
810.0,0.541469652665708
811.0,0.5413518126680342
812.0,0.5412342207947293
813.0,0.5411170770377052
814.0,0.541000599336073
815.0,0.5408848605449071
816.0,0.5407699374711693
817.0,0.5406558149457843
818.0,0.540542299698597
819.0,0.5404293689557489
820.0,0.5403169019657672
821.0,0.5402047658660535
822.0,0.5400929081872325
823.0,0.5399812335748574
824.0,0.539869803492449
825.0,0.5397586462321043
826.0,0.5396478493846667
827.0,0.5395376248074039
828.0,0.5394280475361188
829.0,0.5393190657600508
830.0,0.5392107843859228
831.0,0.5391031854798952
832.0,0.5389963131285158
833.0,0.5388900518740729
834.0,0.5387842729332895
835.0,0.5386788252162995
836.0,0.5385734498344343
837.0,0.5384679312108079
838.0,0.5383621126422798
839.0,0.5382560379461507
840.0,0.5381498029357229
841.0,0.5380435860654914
842.0,0.5379375083389849
843.0,0.5378315524918565
844.0,0.53772585952259
845.0,0.5376204648842019
846.0,0.5375154102220829
847.0,0.5374108267520886
848.0,0.5373066445544467
849.0,0.5372029300683598
850.0,0.5370996580544429
851.0,0.5369969886659183
852.0,0.5368948331121227
853.0,0.5367931131306707
854.0,0.5366917690607755
855.0,0.5365906691802051
856.0,0.5364896541586692
857.0,0.5363885973169352
858.0,0.5362873111379006
859.0,0.5361858098207939
860.0,0.5360841267062213
861.0,0.535982352887376
862.0,0.5358806349541411
863.0,0.5357790332789254
864.0,0.535677598495363
865.0,0.5355762612428197
866.0,0.535475218253332
867.0,0.5353743816186501
868.0,0.5352736967025706
869.0,0.5351732475394555
870.0,0.5350728687363695
871.0,0.5349724518497264
872.0,0.5348720051729318
873.0,0.5347717145050926
874.0,0.5346716902645396
875.0,0.5345721725676367
876.0,0.534473235030356
877.0,0.5343750293939775
878.0,0.5342775879344767
879.0,0.5341810087123278
880.0,0.5340852744796154
881.0,0.5339901416709856
882.0,0.5338954968016696
883.0,0.5338012295785431
884.0,0.5337070694486904
885.0,0.5336129273228036
886.0,0.5335187545133362
887.0,0.5334244610623936
888.0,0.533330106617861
889.0,0.5332356981281002
890.0,0.5331412025055958
891.0,0.5330465069846491
892.0,0.5329516936413196
893.0,0.5328567159536022
894.0,0.5327615620664405
895.0,0.532666219714006
896.0,0.5325706940837976
897.0,0.5324750598186766
898.0,0.5323793730095435
899.0,0.5322836308811236
900.0,0.5321877813522455
901.0,0.5320919912317741
902.0,0.5319964309571507
903.0,0.531901219095421
904.0,0.5318065938934616
905.0,0.5317127054668975
906.0,0.5316196509372797
907.0,0.531527501728308
908.0,0.5314363715779232
909.0,0.5313462444999094
910.0,0.5312571145471607
911.0,0.5311688510994486
912.0,0.531081346596916
913.0,0.5309945472211909
914.0,0.5309083806184265
915.0,0.5308227903386454
916.0,0.5307377341373658
917.0,0.5306532660137356
918.0,0.5305692932706005
919.0,0.5304857205152599
920.0,0.5304024608390272
921.0,0.530319456894481
922.0,0.5302367504736919
923.0,0.5301544187519497
924.0,0.5300724711424741
925.0,0.5299910919949067
926.0,0.5299102291735764
927.0,0.5298298863330442
928.0,0.5297499638643015
929.0,0.5296704335198094
930.0,0.5295912300021426
931.0,0.5295123898461401
932.0,0.5294336911420442
933.0,0.5293551877419347
934.0,0.5292769390684854
935.0,0.5291989779980405
936.0,0.5291213971320009
937.0,0.5290442687326709
938.0,0.528967677613868
939.0,0.5288915703060827
940.0,0.5288158799099316
941.0,0.5287404085487308
942.0,0.5286651415359197
943.0,0.528589820588418
944.0,0.5285142581911406
945.0,0.5284384124504987
946.0,0.528362237361235
947.0,0.5282856612491396
948.0,0.528208863340252
949.0,0.5281318381807953
950.0,0.5280546608509168
951.0,0.5279774453992291
952.0,0.5279003423970213
953.0,0.5278233410492134
954.0,0.5277464767189267
955.0,0.527669788012328
956.0,0.52759331696482
957.0,0.5275171241017306
958.0,0.5274412520677202
959.0,0.5273656204510694
960.0,0.5272902311975685
961.0,0.5272150498090871
962.0,0.527140044354431
963.0,0.5270650606106415
964.0,0.5269898414239548
965.0,0.5269142110946474
966.0,0.5268381279801717
967.0,0.5267615417647566
968.0,0.5266845340212176
969.0,0.5266072298402645
970.0,0.5265297368305226
971.0,0.5264521155279323
972.0,0.5263745684126092
973.0,0.5262972976285492
974.0,0.5262204404880704
975.0,0.526144125880833
976.0,0.5260684304320019
977.0,0.5259934041491318
978.0,0.5259189186962071
979.0,0.5258448988510309
980.0,0.5257711409664664
981.0,0.5256975225856699
982.0,0.525623869378791
983.0,0.5255499499963522
984.0,0.5254757063359442
985.0,0.525401060328405
986.0,0.5253260633693008
987.0,0.5252507894663323
988.0,0.5251753251432149
989.0,0.5250997129035165
990.0,0.5250240382378015
991.0,0.5249483301579033
992.0,0.524872584202331
993.0,0.5247968308618154
994.0,0.5247211274575554
995.0,0.5246456050219747
996.0,0.524570358852318
997.0,0.5244953609021009
998.0,0.5244206075238073
999.0,0.5243461532998623
1000.0,0.5242718565338077
1001.0,0.4972380938999504
1002.0,0.4815111332513057
1003.0,0.4807941619015462
1004.0,0.48156170541776716
1005.0,0.482548502200656
1006.0,0.48331872450582924
1007.0,0.4838381433899169
1008.0,0.4839994923961618
1009.0,0.48388841442681013
1010.0,0.48370914472791926
1011.0,0.483418425803092
1012.0,0.4830727007864386
1013.0,0.4826893854272262
1014.0,0.4822950520026598
1015.0,0.48191164039395956
1016.0,0.48155736388631804
1017.0,0.481235992852248
1018.0,0.48094229837785285
1019.0,0.4806676263028303
1020.0,0.48040173456282476
1021.0,0.48014564205707616
1022.0,0.4798984426996091
1023.0,0.47965702929050563
1024.0,0.47941824422993007
1025.0,0.4791808126680394
1026.0,0.4789438284216519
1027.0,0.47870553369200297
1028.0,0.4784661925467388
1029.0,0.47822759528968134
1030.0,0.4779927939416309
1031.0,0.4777626182793736
1032.0,0.47753729664432665
1033.0,0.4773178637261751
1034.0,0.4771056145259859
1035.0,0.4769002970897936
1036.0,0.47670300779373576
1037.0,0.476512294337349
1038.0,0.4763263208035015
1039.0,0.4761421584900443
1040.0,0.4759580221564478
1041.0,0.4757720071696276
1042.0,0.4755841230699849
1043.0,0.4753954984958551
1044.0,0.4752080174403108
1045.0,0.4750234215595769
1046.0,0.4748432456118652
1047.0,0.47466792996163637
1048.0,0.4744968109436837
1049.0,0.4743295078777031
1050.0,0.47416522585611703
1051.0,0.47400293447694997
1052.0,0.47384181233411904
1053.0,0.4736815601837699
1054.0,0.473521889599547
1055.0,0.4733632774928414
1056.0,0.47320585541310617
1057.0,0.47305025021703967
1058.0,0.4728963872028408
1059.0,0.4727444435515197
1060.0,0.4725941984431465
1061.0,0.47244528940109626
1062.0,0.4722976205292871
1063.0,0.4721510195877884
1064.0,0.47200568479359156
1065.0,0.4718613932910079
1066.0,0.4717183399657364
1067.0,0.4715760290593261
1068.0,0.47143395638674523
1069.0,0.471291720709432
1070.0,0.4711487374039041
1071.0,0.471005062732252
1072.0,0.47086079416895166
1073.0,0.4707161597709906
1074.0,0.4705714737519029
1075.0,0.470427331246874
1076.0,0.4702835651006892
1077.0,0.4701402378310893
1078.0,0.4699974401105518
1079.0,0.4698551240438663
1080.0,0.46971343112585723
1081.0,0.46957228764887804
1082.0,0.4694316722226579
1083.0,0.4692913739932155
1084.0,0.46915160897601016
1085.0,0.46901208458011606
1086.0,0.46887236400860344
1087.0,0.468732292704121
1088.0,0.46859169256649336
1089.0,0.4684504060092602
1090.0,0.4683084708216614
1091.0,0.4681659533568369
1092.0,0.4680235619197214
1093.0,0.4678815645641783
1094.0,0.4677403796740704
1095.0,0.46760050691399535
1096.0,0.46746212364339995
1097.0,0.4673254003615428
1098.0,0.46719039736252305
1099.0,0.46705727028572486
1100.0,0.4669257918474328
1101.0,0.46679603491862276
1102.0,0.46666780794430396
1103.0,0.46654126794227146
1104.0,0.4664165459308319
1105.0,0.4662935787008141
1106.0,0.4661723855728723
1107.0,0.46605332258304905
1108.0,0.46593637672582483
1109.0,0.4658216361624542
1110.0,0.4657092728355412
1111.0,0.4655994047050127
1112.0,0.4654917544753276
1113.0,0.46538623871375484
1114.0,0.46528270567525776
1115.0,0.46518085737043563
1116.0,0.46508077597546243
1117.0,0.4649822936968199
1118.0,0.46488520351552537
1119.0,0.4647893507073972
1120.0,0.4646947059933935
1121.0,0.464601153984584
1122.0,0.4645086032064927
1123.0,0.46441683466415606
1124.0,0.46432589893535636
1125.0,0.46423610585109637
1126.0,0.46414757081594227
1127.0,0.46406039010407074
1128.0,0.4639749273100703
1129.0,0.46389120440598736
1130.0,0.4638093839336975
1131.0,0.46372957370061874
1132.0,0.46365155042451395
1133.0,0.46357507603053316
1134.0,0.46350013278488
1135.0,0.4634265925248264
1136.0,0.46335430046642034
1137.0,0.4632832229581589
1138.0,0.4632134258441421
1139.0,0.46314491680102693
1140.0,0.46307770593953645
1141.0,0.4630120600226121
1142.0,0.46294800430199845
1143.0,0.4628858526695341
1144.0,0.46282567315503076
1145.0,0.4627673894546149
1146.0,0.46271103286723314
1147.0,0.46265654038182635
1148.0,0.46260408518756607
1149.0,0.4625537741507071
1150.0,0.46250563231171543
1151.0,0.46245967526034165
1152.0,0.4624157675225401
1153.0,0.46237406572125883
1154.0,0.4623344126851033
1155.0,0.4622969028417399
1156.0,0.4622612148717567
1157.0,0.46222682138968724
1158.0,0.46219331317977824
1159.0,0.46216012441752086
1160.0,0.46212701177357135
1161.0,0.4620938463971711
1162.0,0.46206065291996656
1163.0,0.462027645528516
1164.0,0.4619949886995349
1165.0,0.4619630479938401
1166.0,0.46193197377547646
1167.0,0.461901942545946
1168.0,0.4618731606976249
1169.0,0.46184570134147546
1170.0,0.4618192951343053
1171.0,0.4617936032094163
1172.0,0.46176836731209236
1173.0,0.4617432074478235
1174.0,0.4617182290550071
1175.0,0.46169337876957844
1176.0,0.4616687188883119
1177.0,0.46164415376396967
1178.0,0.46161962063947404
1179.0,0.46159517700724473
1180.0,0.4615705799827742
1181.0,0.4615458173136061
1182.0,0.46152077166107186
1183.0,0.4614955275459117
1184.0,0.4614697955558414
1185.0,0.4614432283703224
1186.0,0.46141564567624177
1187.0,0.4613868871792352
1188.0,0.46135656301876093
1189.0,0.46132447969657364
1190.0,0.4612904597723826
1191.0,0.46125451697240905
1192.0,0.4612167520943696
1193.0,0.4611772427739831
1194.0,0.46113594428589805
1195.0,0.4610929395799524
1196.0,0.4610485552005383
1197.0,0.46100303889006056
1198.0,0.46095661911380664
1199.0,0.46090932598370943
1200.0,0.4608614808921225
1201.0,0.4608132287191246
1202.0,0.4607646027021213
1203.0,0.4607157173172009
1204.0,0.46066653221570547
1205.0,0.4606169612808992
1206.0,0.46056718470948843
1207.0,0.46051718093570526
1208.0,0.4604670564385846
1209.0,0.4604169501851693
1210.0,0.4603670306124621
1211.0,0.460317476136889
1212.0,0.46026826544781996
1213.0,0.4602194249177288
1214.0,0.46017092235082746
1215.0,0.4601228371610677
1216.0,0.46007535968898844
1217.0,0.4600284843987518
1218.0,0.4599824825479142
1219.0,0.45993736212663444
1220.0,0.4598931714835947
1221.0,0.45984996360715097
1222.0,0.4598075937613334
1223.0,0.4597661236731575
1224.0,0.4597255798883793
1225.0,0.45968614988717843
1226.0,0.4596477738321044
1227.0,0.4596103797301679
1228.0,0.45957409794099574
1229.0,0.45953897775229774
1230.0,0.45950495528659197
1231.0,0.4594720922562564
1232.0,0.4594403529229923
1233.0,0.4594097670908726
1234.0,0.45938035218955586
1235.0,0.4593521493676262
1236.0,0.45932530553503975
1237.0,0.45930014439648165
1238.0,0.45927676926771643
1239.0,0.4592552338859536
1240.0,0.45923568967280193
1241.0,0.45921775511008706
1242.0,0.459201327794857
1243.0,0.45918618393476335
1244.0,0.4591718344190511
1245.0,0.4591578337150118
1246.0,0.4591441052399693
1247.0,0.4591304467549283
1248.0,0.4591166905555597
1249.0,0.4591026059116418
1250.0,0.4590881622572069
1251.0,0.45907331519988565
1252.0,0.45905805770623265
1253.0,0.4590424572526382
1254.0,0.4590263400628652
1255.0,0.4590096220871391
1256.0,0.45899236321236003
1257.0,0.4589745946491306
1258.0,0.45895634551963177
1259.0,0.45893759037356496
1260.0,0.45891866893566124
1261.0,0.4588997236701178
1262.0,0.45888101511516144
1263.0,0.45886260215027785
1264.0,0.45884470135976385
1265.0,0.4588272246141346
1266.0,0.45881010834781594
1267.0,0.4587934725130575
1268.0,0.4587772882803945
1269.0,0.45876144642441574
1270.0,0.4587460025855995
1271.0,0.45873069956238943
1272.0,0.45871547203403645
1273.0,0.4587003641536406
1274.0,0.4586852133287653
1275.0,0.45866986446515473
1276.0,0.45865412985513765
1277.0,0.4586378287728453
1278.0,0.45862105927388075
1279.0,0.45860410213394454
1280.0,0.45858725796804745
1281.0,0.4585709736536469
1282.0,0.45855535244285905
1283.0,0.4585403591338371
1284.0,0.45852611952934347
1285.0,0.4585122559689883
1286.0,0.45849835943282513
1287.0,0.458483794076679
1288.0,0.4584680321214468
1289.0,0.4584506384441132
1290.0,0.4584310936639989
1291.0,0.45840914033077157
1292.0,0.4583846741960864
1293.0,0.4583578598810207
1294.0,0.4583290325269174
1295.0,0.4582986079331584
1296.0,0.45826704979541405
1297.0,0.458234822650052
1298.0,0.4582021397652308
1299.0,0.4581691576625425
1300.0,0.458135967231214
1301.0,0.45810238989579893
1302.0,0.45806823422993176
1303.0,0.4580334846419742
1304.0,0.45799825766979524
1305.0,0.457962755601001
1306.0,0.4579270220561858
1307.0,0.45789134288087346
1308.0,0.4578559545191567
1309.0,0.457821325862291
1310.0,0.45778789043851326
1311.0,0.45775591204705657
1312.0,0.457725688981278
1313.0,0.45769750337983367
1314.0,0.4576713848712647
1315.0,0.45764705343394024
1316.0,0.45762414655937794
1317.0,0.45760216147474464
1318.0,0.4575805587751758
1319.0,0.4575587600011941
1320.0,0.45753656998371695
1321.0,0.45751397945303685
1322.0,0.4574910757676568
1323.0,0.45746823845394924
1324.0,0.45744559990128697
1325.0,0.4574236354012904
1326.0,0.4574025257131253
1327.0,0.4573823874082723
1328.0,0.4573629638069947
1329.0,0.4573439787158249
1330.0,0.457325093206419
1331.0,0.45730590104790125
1332.0,0.45728594307456183
1333.0,0.45726498107672864
1334.0,0.45724283230907886
1335.0,0.45721982139707806
1336.0,0.4571963730237749
1337.0,0.45717308339370977
1338.0,0.4571504063740406
1339.0,0.4571287317366994
1340.0,0.457108281136017
1341.0,0.4570891789520773
1342.0,0.45707119367358245
1343.0,0.45705423547704876
1344.0,0.4570379345630059
1345.0,0.45702197693764246
1346.0,0.45700604610510426
1347.0,0.45698989258930656
1348.0,0.45697331685670456
1349.0,0.45695624626213593
1350.0,0.45693865336109535
1351.0,0.45692054091849843
1352.0,0.45690191887867887
1353.0,0.4568829698727232
1354.0,0.4568638518190795
1355.0,0.4568448508325643
1356.0,0.4568262022818492
1357.0,0.4568081591925331
1358.0,0.4567909879048389
1359.0,0.4567747285073203
1360.0,0.4567591819794075
1361.0,0.45674413074246784
1362.0,0.45672926931323715
1363.0,0.45671453099066717
1364.0,0.4566996743907111
1365.0,0.45668457285348274
1366.0,0.4566693385443445
1367.0,0.4566539204820347
1368.0,0.4566385178938591
1369.0,0.45662335258426784
1370.0,0.4566084069323008
1371.0,0.45659374074532194
1372.0,0.45657912921514116
1373.0,0.4565643431223968
1374.0,0.4565489563334765
1375.0,0.4565326809012425
1376.0,0.4565153291693282
1377.0,0.45649688665307203
1378.0,0.4564773308121712
1379.0,0.4564570541153206
1380.0,0.456436170377015
1381.0,0.4564149311962893
1382.0,0.45639339780712007
1383.0,0.4563716459480671
1384.0,0.45634952314933597
1385.0,0.4563269403047531
1386.0,0.45630375574441695
1387.0,0.45628000898071486
1388.0,0.45625568884147694
1389.0,0.45623109582361343
1390.0,0.45620674979254733
1391.0,0.4561832679779939
1392.0,0.45616103953324155
1393.0,0.45614067497783545
1394.0,0.4561223796851149
1395.0,0.4561062787118525
1396.0,0.4560923485674987
1397.0,0.4560801843560195
1398.0,0.4560692892611253
1399.0,0.4560590736290485
1400.0,0.45604897174159925
1401.0,0.4560387770298527
1402.0,0.45602819289586205
1403.0,0.4560172418617046
1404.0,0.4560059962162058
1405.0,0.45599439042289014
1406.0,0.45598260515985695
1407.0,0.4559706965679965
1408.0,0.45595854464124386
1409.0,0.45594606128480253
1410.0,0.4559330387387648
1411.0,0.455919272451951
1412.0,0.45590453677316173
1413.0,0.45588892510118345
1414.0,0.45587248208869363
1415.0,0.45585554484651036
1416.0,0.45583854207373387
1417.0,0.4558219867272367
1418.0,0.45580628405566675
1419.0,0.45579175072516576
1420.0,0.45577843203572316
1421.0,0.4557663083984838
1422.0,0.45575537086552376
1423.0,0.45574543879758944
1424.0,0.4557362559352805
1425.0,0.455727704104002
1426.0,0.45571972187508025
1427.0,0.4557122499245837
1428.0,0.45570541601624875
1429.0,0.4556992427797938
1430.0,0.4556938016492636
1431.0,0.455688963877687
1432.0,0.4556846754037753
1433.0,0.45568068907284764
1434.0,0.4556767095167067
1435.0,0.4556727029630314
1436.0,0.45566867892986745
1437.0,0.4556648410493223
1438.0,0.45566152159853685
1439.0,0.4556592304046396
1440.0,0.45565852322989564
1441.0,0.45565985232647954
1442.0,0.4556635153361125
1443.0,0.45566955200266784
1444.0,0.45567775622138307
1445.0,0.45568772689909326
1446.0,0.4556989876915237
1447.0,0.45571105652772714
1448.0,0.4557234260477894
1449.0,0.4557356043261831
1450.0,0.45574730996648233
1451.0,0.45575837611615944
1452.0,0.4557687637156876
1453.0,0.4557784498525293
1454.0,0.45578735206887927
1455.0,0.45579529143633407
1456.0,0.45580198968850716
1457.0,0.4558073694055233
1458.0,0.4558113998164845
1459.0,0.45581405156967075
1460.0,0.45581541998467245
1461.0,0.4558155816112981
1462.0,0.4558147139695571
1463.0,0.45581283885431206
1464.0,0.4558101398112449
1465.0,0.4558066486629869
1466.0,0.455802323829409
1467.0,0.4557972804367928
1468.0,0.45579133951560186
1469.0,0.45578459688622797
1470.0,0.455776911871815
1471.0,0.4557683534938842
1472.0,0.45575893783633264
1473.0,0.4557486894077469
1474.0,0.4557377869190262
1475.0,0.45572629474871135
1476.0,0.4557143327561986
1477.0,0.45570203698716955
1478.0,0.4556895258907039
1479.0,0.4556766739742453
1480.0,0.45566341019858675
1481.0,0.45564936729922256
1482.0,0.4556343015600178
1483.0,0.4556179906454184
1484.0,0.4556001920548684
1485.0,0.4555806537722151
1486.0,0.45555916580269906
1487.0,0.45553555403213974
1488.0,0.4555099258938677
1489.0,0.455482501489723
1490.0,0.4554537107921545
1491.0,0.4554239879417152
1492.0,0.4553938440489515
1493.0,0.45536378886692086
1494.0,0.45533435004841033
1495.0,0.45530606802345563
1496.0,0.45527920297756624
1497.0,0.45525399254351356
1498.0,0.45523036827276514
1499.0,0.4552083936433102
1500.0,0.45518781284994053
1501.0,0.45516812369224086
1502.0,0.4551490498093788
1503.0,0.45513017640107684
1504.0,0.45511122518859143
1505.0,0.45509205692169824
1506.0,0.455072650448926
1507.0,0.4550532626747139
1508.0,0.45503404199240854
1509.0,0.45501521659093874
1510.0,0.4549968999317082
1511.0,0.4549792616670966
1512.0,0.4549622032407685
1513.0,0.45494560018439956
1514.0,0.4549295382263578
1515.0,0.45491382852058615
1516.0,0.4548982226945763
1517.0,0.4548826716347767
1518.0,0.4548671313038197
1519.0,0.4548516344319028
1520.0,0.45483617849776614
1521.0,0.4548208292817166
1522.0,0.45480562331940394
1523.0,0.45479058695524516
1524.0,0.4547756396693955
1525.0,0.45476083125179856
1526.0,0.4547461387738692
1527.0,0.4547316181180241
1528.0,0.4547173047674776
1529.0,0.45470320607374226
1530.0,0.45468936390752296
1531.0,0.45467582915740906
1532.0,0.4546626073495174
1533.0,0.4546495090137466
1534.0,0.45463641962028084
1535.0,0.4546233255835837
1536.0,0.4546100924253615
1537.0,0.4545966979624628
1538.0,0.45458306240031876
1539.0,0.45456912575763136
1540.0,0.45455483598947083
1541.0,0.4545403571274918
1542.0,0.45452572462396357
1543.0,0.4545112720233032
1544.0,0.4544972529483027
1545.0,0.4544838559253659
1546.0,0.4544712837169629
1547.0,0.4544595685201248
1548.0,0.45444864254256256
1549.0,0.454438312075149
1550.0,0.45442841027923403
1551.0,0.45441864618481087
1552.0,0.45440887720946216
1553.0,0.4543989157931144
1554.0,0.4543885563532828
1555.0,0.45437774711699114
1556.0,0.4543663597025489
1557.0,0.4543544658867734
1558.0,0.4543419544586299
1559.0,0.45432863906712306
1560.0,0.4543144287939502
1561.0,0.45429928824559146
1562.0,0.45428329519782257
1563.0,0.45426666116910075
1564.0,0.4542494462495116
1565.0,0.4542318310185952
1566.0,0.4542140527578376
1567.0,0.45419612306801505
1568.0,0.4541783567874488
1569.0,0.4541608669187994
1570.0,0.45414371914626467
1571.0,0.45412703925205483
1572.0,0.45411094770433585
1573.0,0.45409539801375587
1574.0,0.4540802150836185
1575.0,0.45406539990667993
1576.0,0.4540507400555295
1577.0,0.45403629745905044
1578.0,0.45402172219980746
1579.0,0.45400677461178857
1580.0,0.4539914898389014
1581.0,0.45397584748552566
1582.0,0.45395973951957747
1583.0,0.453943380538061
1584.0,0.45392680048122913
1585.0,0.4539101893393086
1586.0,0.4538938129517079
1587.0,0.4538777950541326
1588.0,0.4538622496655679
1589.0,0.4538473702078706
1590.0,0.45383310645725816
1591.0,0.4538192195508914
1592.0,0.4538053143368491
1593.0,0.45379113309925506
1594.0,0.45377637939438925
1595.0,0.4537608628277391
1596.0,0.45374473646513946
1597.0,0.45372800191232454
1598.0,0.4537109344245094
1599.0,0.45369380273467746
1600.0,0.45367697329247075
1601.0,0.45366082995651813
1602.0,0.45364572014046894
1603.0,0.453631875451418
1604.0,0.4536194933117463
1605.0,0.45360853371254395
1606.0,0.4535992528120491
1607.0,0.4535913860186836
1608.0,0.45358481772748294
1609.0,0.4535792259591277
1610.0,0.45357447785317867
1611.0,0.45357038175667014
1612.0,0.4535666632550686
1613.0,0.4535630760086705
1614.0,0.4535597170929332
1615.0,0.45355663540402735
1616.0,0.4535540454898029
1617.0,0.4535518311664704
1618.0,0.45354973116582115
1619.0,0.45354755982367667
1620.0,0.45354483164944803
1621.0,0.4535410642146227
1622.0,0.45353587264672196
1623.0,0.4535289455868092
1624.0,0.45352015911851645
1625.0,0.4535095268884982
1626.0,0.45349721430968004
1627.0,0.45348350303336676
1628.0,0.4534687478944047
1629.0,0.4534533854707269
1630.0,0.4534376232655304
1631.0,0.4534217372446908
1632.0,0.4534057868497583
1633.0,0.45338992878036255
1634.0,0.45337428003643226
1635.0,0.4533587607615958
1636.0,0.4533433850569869
1637.0,0.45332807997050134
1638.0,0.4533127068076377
1639.0,0.453297108345589
1640.0,0.4532812408549064
1641.0,0.45326500879663306
1642.0,0.453248422040711
1643.0,0.45323145268656573
1644.0,0.4532141157858935
1645.0,0.453196435141333
1646.0,0.453178419572804
1647.0,0.4531600515552084
1648.0,0.4531412412622164
1649.0,0.45312196029644514
1650.0,0.4531023181276841
1651.0,0.45308234756129473
1652.0,0.4530621335399712
1653.0,0.4530418849754182
1654.0,0.45302176139946326
1655.0,0.45300195513915237
1656.0,0.4529826904985477
1657.0,0.4529641966234492
1658.0,0.4529465079931734
1659.0,0.4529295452993365
1660.0,0.45291330713846967
1661.0,0.4528976707789976
1662.0,0.45288262879284735
1663.0,0.4528682223360367
1664.0,0.45285440016139483
1665.0,0.4528411941318675
1666.0,0.45282840884139386
1667.0,0.45281606278860986
1668.0,0.45280405814772284
1669.0,0.45279251263553455
1670.0,0.4527813682680273
1671.0,0.45277058239211526
1672.0,0.4527599628066261
1673.0,0.45274920754057596
1674.0,0.4527380969163038
1675.0,0.4527264753370464
1676.0,0.4527143568086981
1677.0,0.45270192595176023
1678.0,0.4526892691791137
1679.0,0.4526766367613051
1680.0,0.4526642507970862
1681.0,0.4526524300978689
1682.0,0.4526416376077465
1683.0,0.45263222811500364
1684.0,0.45262438974025465
1685.0,0.4526182319016677
1686.0,0.4526137044441139
1687.0,0.4526107213949799
1688.0,0.4526089158081785
1689.0,0.4526078425593704
1690.0,0.45260719624533896
1691.0,0.45260661204613767
1692.0,0.4526058455626349
1693.0,0.4526045838405546
1694.0,0.4526026717037208
1695.0,0.45260000587382443
1696.0,0.4525966703915407
1697.0,0.4525927620567865
1698.0,0.4525884196188922
1699.0,0.4525838898216134
1700.0,0.4525792570806236
1701.0,0.45257457284890035
1702.0,0.45256980108004874
1703.0,0.45256490410211075
1704.0,0.4525597264396096
1705.0,0.4525542383717424
1706.0,0.4525484728640023
1707.0,0.4525423595859946
1708.0,0.4525358942116275
1709.0,0.45252923890325975
1710.0,0.4525224705327957
1711.0,0.4525158165985054
1712.0,0.452509199104931
1713.0,0.45250274436609866
1714.0,0.4524964709913552
1715.0,0.4524904010443418
1716.0,0.4524843914736283
1717.0,0.45247833559881023
1718.0,0.45247206631878734
1719.0,0.4524653206173734
1720.0,0.4524580907746274
1721.0,0.4524503128779611
1722.0,0.45244193982815617
1723.0,0.4524331275885034
1724.0,0.45242402612294136
1725.0,0.4524147484389325
1726.0,0.45240529916292227
1727.0,0.45239572797055283
1728.0,0.4523859500314105
1729.0,0.45237586164698224
1730.0,0.4523654700979831
1731.0,0.45235470419674456
1732.0,0.45234363006221534
1733.0,0.4523323693556474
1734.0,0.45232104769027975
1735.0,0.4523097600333374
1736.0,0.4522987679116323
1737.0,0.45228823483439506
1738.0,0.4522785292709597
1739.0,0.4522697452008444
1740.0,0.45226214567416856
1741.0,0.45225589161866864
1742.0,0.4522511083305215
1743.0,0.45224787186864224
1744.0,0.4522460940987885
1745.0,0.4522454956934543
1746.0,0.4522459212686741
1747.0,0.4522470313079728
1748.0,0.4522486864603774
1749.0,0.452250716083017
1750.0,0.4522529735124185
1751.0,0.45225539221091465
1752.0,0.4522579752727056
1753.0,0.45226078220553745
1754.0,0.4522638572157877
1755.0,0.45226715250872684
1756.0,0.4522706314396282
1757.0,0.45227401211787044
1758.0,0.4522770562840732
1759.0,0.4522796527940034
1760.0,0.4522817249720291
1761.0,0.45228330652010396
1762.0,0.45228445863587513
1763.0,0.45228523030879625
1764.0,0.45228576965157624
1765.0,0.45228621206933
1766.0,0.452286626926889
1767.0,0.45228714882805515
1768.0,0.4522878428951478
1769.0,0.4522888086598161
1770.0,0.45229010715546253
1771.0,0.45229185124338
1772.0,0.4522941965227852
1773.0,0.45229725996179476
1774.0,0.45230103049450304
1775.0,0.4523053928389233
1776.0,0.45231032285778916
1777.0,0.4523157542496766
1778.0,0.452321537734439
1779.0,0.452327577808333
1780.0,0.4523337035539814
1781.0,0.4523396260252787
1782.0,0.4523451160310567
1783.0,0.452349905643571
1784.0,0.45235385473187567
1785.0,0.45235687783565803
1786.0,0.45235905546813676
1787.0,0.45236042100544693
1788.0,0.45236109876968505
1789.0,0.45236125692151957
1790.0,0.4523610399150387
1791.0,0.45236065524947905
1792.0,0.4523603114651721
1793.0,0.45236007217613816
1794.0,0.45235997086434576
1795.0,0.45235999469925625
1796.0,0.45236013068081715
1797.0,0.45236028794102184
1798.0,0.4523604914057729
1799.0,0.45236060492248253
1800.0,0.45236062841925895
1801.0,0.45236059843240384
1802.0,0.4523604427936455
1803.0,0.45236036379088884
1804.0,0.45236053067676124
1805.0,0.4523612497182764
1806.0,0.4523625545354075
1807.0,0.4523644139837964
1808.0,0.45236672573727077
1809.0,0.45236917347512284
1810.0,0.4523714809358183
1811.0,0.4523733878832967
1812.0,0.45237463285995605
1813.0,0.4523751877016293
1814.0,0.45237475000427907
1815.0,0.4523733345114198
1816.0,0.4523708435653125
1817.0,0.45236735399134975
1818.0,0.4523632006834859
1819.0,0.45235849097013436
1820.0,0.45235360607302383
1821.0,0.45234891167041413
1822.0,0.45234474499820915
1823.0,0.4523413817095411
1824.0,0.45233901162215745
1825.0,0.4523376916021905
1826.0,0.4523373680636251
1827.0,0.45233773235374375
1828.0,0.4523383821474702
1829.0,0.4523390905948482
1830.0,0.45233948417507513
1831.0,0.4523394043595818
1832.0,0.45233850599946485
1833.0,0.4523367516417019
1834.0,0.4523341462854997
1835.0,0.4523306421893522
1836.0,0.45232662100871746
1837.0,0.452322251161944
1838.0,0.4523178821889247
1839.0,0.45231365731362383
1840.0,0.45230957727575544
1841.0,0.4523057235541561
1842.0,0.4523022763557903
1843.0,0.4522994405800967
1844.0,0.45229723430037383
1845.0,0.4522955948532166
1846.0,0.45229450909382946
1847.0,0.45229367884892857
1848.0,0.4522930725578228
1849.0,0.45229249471071675
1850.0,0.4522917541072694
1851.0,0.4522905473972957
1852.0,0.45228885139960523
1853.0,0.452286733980976
1854.0,0.4522843029804191
1855.0,0.4522817032513125
1856.0,0.45227913639743433
1857.0,0.45227678579660896
1858.0,0.4522749121144698
1859.0,0.45227359996100736
1860.0,0.45227292357783805
1861.0,0.4522729141565945
1862.0,0.4522733211433626
1863.0,0.45227399646827765
1864.0,0.45227464090014735
1865.0,0.45227513979840545
1866.0,0.4522750477548437
1867.0,0.4522743054559883
1868.0,0.4522729023373921
1869.0,0.45227069383358637
1870.0,0.4522679174027522
1871.0,0.4522648544127134
1872.0,0.45226165739107665
1873.0,0.45225838078897657
1874.0,0.45225515351318907
1875.0,0.4522519793902534
1876.0,0.4522489273320565
1877.0,0.45224597457554006
1878.0,0.45224317952737897
1879.0,0.4522404942154412
1880.0,0.4522379854833043
1881.0,0.4522358405777549
1882.0,0.45223396191437554
1883.0,0.4522324091248915
1884.0,0.45223109735183864
1885.0,0.45223000849096456
1886.0,0.4522290257124974
1887.0,0.45222809419763327
1888.0,0.45222715631940313
1889.0,0.4522262340898929
1890.0,0.4522254031258865
1891.0,0.4522248187012427
1892.0,0.45222458240357927
1893.0,0.4522248497775923
1894.0,0.45222572030016467
1895.0,0.4522274033529588
1896.0,0.45222985115527037
1897.0,0.45223295902475447
1898.0,0.45223666975415683
1899.0,0.45224096568404115
1900.0,0.4522458383701973
1901.0,0.45225114657341453
1902.0,0.45225660396083556
1903.0,0.45226207204765084
1904.0,0.4522672342587949
1905.0,0.45227177503060306
1906.0,0.4522755909000443
1907.0,0.4522784737595227
1908.0,0.45228022684344965
1909.0,0.45228072759554105
1910.0,0.45227987539580927
1911.0,0.4522777818187106
1912.0,0.45227449946020265
1913.0,0.4522701418774035
1914.0,0.45226475672952765
1915.0,0.45225840493170755
1916.0,0.4522512328198525
1917.0,0.45224321978862236
1918.0,0.45223462490094973
1919.0,0.45222553113376796
1920.0,0.4522162153692151
1921.0,0.4522067039324774
1922.0,0.4521970330300186
1923.0,0.45218719876746993
1924.0,0.45217723532191817
1925.0,0.45216699166808066
1926.0,0.45215669127693353
1927.0,0.45214641855798526
1928.0,0.4521363617382298
1929.0,0.45212664477996484
1930.0,0.45211737973221805
1931.0,0.4521085688888788
1932.0,0.452100412439538
1933.0,0.4520927185717449
1934.0,0.45208528150762955
1935.0,0.45207811714563495
1936.0,0.45207115198719394
1937.0,0.4520641978302345
1938.0,0.45205710053853543
1939.0,0.4520498911518087
1940.0,0.4520425699004249
1941.0,0.45203516307010744
1942.0,0.4520275552065154
1943.0,0.4520198764512856
1944.0,0.45201225337057094
1945.0,0.4520047331632103
1946.0,0.45199738882772406
1947.0,0.45199047567434836
1948.0,0.4519840077462711
1949.0,0.4519781839856514
1950.0,0.45197305064908133
1951.0,0.4519684772320143
1952.0,0.4519644418310765
1953.0,0.45196085817713033
1954.0,0.45195758742350656
1955.0,0.45195440571165246
1956.0,0.45195111532407917
1957.0,0.45194763701355034
1958.0,0.4519437788729618
1959.0,0.4519396690342318
1960.0,0.45193529150617634
1961.0,0.45193066494557776
1962.0,0.4519258097039607
1963.0,0.4519208426709147
1964.0,0.4519160693448817
1965.0,0.45191161473870683
1966.0,0.45190749488432036
1967.0,0.4519037081291035
1968.0,0.45190025506260917
1969.0,0.4518970100081233
1970.0,0.45189390126518364
1971.0,0.45189089973795693
1972.0,0.4518879318889732
1973.0,0.45188491554003735
1974.0,0.45188184680537274
1975.0,0.4518786199231953
1976.0,0.4518751768096773
1977.0,0.45187131876217673
1978.0,0.45186714292690094
1979.0,0.451862731478167
1980.0,0.45185816176846083
1981.0,0.45185367277897787
1982.0,0.45184941969669873
1983.0,0.4518456253394264
1984.0,0.45184231335480085
1985.0,0.45183952015112344
1986.0,0.45183728460546807
1987.0,0.45183539241600973
1988.0,0.45183379879825747
1989.0,0.4518323805287369
1990.0,0.4518311315343852
1991.0,0.45182991184903076
1992.0,0.4518287543605926
1993.0,0.45182749311823445
1994.0,0.45182597499742333
1995.0,0.45182414259690273
1996.0,0.45182185922488866
1997.0,0.4518191510950476
1998.0,0.4518161238138408
1999.0,0.4518128375578127
2000.0,0.451809347834437
2001.0,0.4518058800834823
2002.0,0.4518027287475317
2003.0,0.45180010044472757
2004.0,0.45179810819021576
2005.0,0.4517968318224209
2006.0,0.4517962062801822
2007.0,0.45179632610678205
2008.0,0.45179716079816795
2009.0,0.4517985171679483
2010.0,0.45180035149239933
2011.0,0.4518024352123585
2012.0,0.4518046630322887
2013.0,0.4518068973257782
2014.0,0.45180885672785126
2015.0,0.4518103596711029
2016.0,0.45181141885033727
2017.0,0.45181196177398625
2018.0,0.45181193704435857
2019.0,0.451811493808554
2020.0,0.45181081087000513
2021.0,0.45180996692544967
2022.0,0.4518090748858921
2023.0,0.4518082963994696
2024.0,0.45180770156159905
2025.0,0.4518072286379471
2026.0,0.4518069153894749
2027.0,0.45180668794692175
2028.0,0.45180648269462725
2029.0,0.4518061201722011
2030.0,0.4518052889594696
2031.0,0.451803796633752
2032.0,0.45180138389733715
2033.0,0.4517977668626663
2034.0,0.45179306082698784
2035.0,0.4517870596994854
2036.0,0.451779795029891
2037.0,0.45177159519275123
2038.0,0.45176272416649804
2039.0,0.45175361547775394
2040.0,0.4517447791538271
2041.0,0.4517367147072537
2042.0,0.4517295720734414
2043.0,0.45172368043808064
2044.0,0.4517191325061033
2045.0,0.4517157821358518
2046.0,0.4517134121269283
2047.0,0.4517114868907356
2048.0,0.45170937118533694
2049.0,0.4517063954350119
2050.0,0.4517021035482856
2051.0,0.45169605109790945
2052.0,0.4516883322841342
2053.0,0.45167904026281613
2054.0,0.45166834396196676
2055.0,0.45165665874990835
2056.0,0.4516443685357466
2057.0,0.45163175430379837
2058.0,0.45161918537237106
2059.0,0.4516067944183312
2060.0,0.45159471393390205
2061.0,0.4515833227988138
2062.0,0.4515728816601528
2063.0,0.4515634283842287
2064.0,0.45155492672975
2065.0,0.45154737911231935
2066.0,0.45154073710796044
2067.0,0.4515347706667214
2068.0,0.45152931926500117
2069.0,0.4515241177715483
2070.0,0.45151919631626203
2071.0,0.4515144098232781
2072.0,0.4515097565583672
2073.0,0.4515052185362983
2074.0,0.45150077834177865
2075.0,0.4514964012411861
2076.0,0.45149213805844884
2077.0,0.45148790440668224
2078.0,0.4514838487892843
2079.0,0.45148014815042864
2080.0,0.45147686544038723
2081.0,0.4514739977065043
2082.0,0.45147164460496514
2083.0,0.4514697072317393
2084.0,0.45146808599793303
2085.0,0.451466873076562
2086.0,0.4514660925523604
2087.0,0.45146576067605954
2088.0,0.45146581753465254
2089.0,0.45146623521355583
2090.0,0.4514670060116915
2091.0,0.4514680105340054
2092.0,0.4514691868193356
2093.0,0.4514705593226482
2094.0,0.45147202216929966
2095.0,0.45147352160777077
2096.0,0.4514750636942014
2097.0,0.4514766704144855
2098.0,0.45147830615474815
2099.0,0.45148008692180264
2100.0,0.45148195808902086
2101.0,0.4514839213581218
2102.0,0.45148584802969527
2103.0,0.4514876410522052
2104.0,0.45148902223848425
2105.0,0.45148979938327577
2106.0,0.45148979749914886
2107.0,0.4514889235189965
2108.0,0.45148728556573287
2109.0,0.4514847504632165
2110.0,0.4514813098985205
2111.0,0.4514769560889929
2112.0,0.4514719169382501
2113.0,0.4514662839182608
2114.0,0.45146004315717997
2115.0,0.45145331465368893
2116.0,0.4514460236410145
2117.0,0.45143817860270147
2118.0,0.4514300949543877
2119.0,0.4514219581077473
2120.0,0.4514140451217219
2121.0,0.4514066404334361
2122.0,0.45139989937668
2123.0,0.45139403846995246
2124.0,0.45138906932434436
2125.0,0.4513846812716014
2126.0,0.4513807365607583
2127.0,0.45137707150318523
2128.0,0.451373485678635
2129.0,0.451369966460446
2130.0,0.4513664854208508
2131.0,0.45136311215498276
2132.0,0.4513598960024449
2133.0,0.4513570921246859
2134.0,0.4513545499919899
2135.0,0.45135234001094326
2136.0,0.4513504453196679
2137.0,0.4513486341068067
2138.0,0.45134661502860185
2139.0,0.45134401551731185
2140.0,0.45134058020690215
2141.0,0.4513361025338223
2142.0,0.45133052825985365
2143.0,0.45132364776377437
2144.0,0.4513156658239999
2145.0,0.4513069359127989
2146.0,0.4512976869555676
2147.0,0.4512884063421334
2148.0,0.4512793742756538
2149.0,0.45127073946383855
2150.0,0.45126270857327894
2151.0,0.4512554866471226
2152.0,0.45124916813710975
2153.0,0.45124368439741486
2154.0,0.4512390297258903
2155.0,0.4512349635041848
2156.0,0.45123143062625354
2157.0,0.45122814393723865
2158.0,0.4512250885360718
2159.0,0.4512219470172722
2160.0,0.45121856979038
2161.0,0.45121480319095
2162.0,0.4512103944003556
2163.0,0.451205123982101
2164.0,0.4511989373916244
2165.0,0.4511916910947918
2166.0,0.4511833138586697
2167.0,0.4511738240335348
2168.0,0.4511632685462822
2169.0,0.4511518202960566
2170.0,0.4511396284611937
2171.0,0.45112704608326476
2172.0,0.45111423705354653
2173.0,0.4511013037009378
2174.0,0.45108834391678543
2175.0,0.4510754370569009
2176.0,0.4510626028077836
2177.0,0.4510498754752161
2178.0,0.4510372887833902
2179.0,0.4510248563548282
2180.0,0.45101268927678206
2181.0,0.4510007003129115
2182.0,0.4509890426153964
2183.0,0.45097776680257795
2184.0,0.45096699677594115
2185.0,0.4509569468738387
2186.0,0.4509475452553817
2187.0,0.4509390778133219
2188.0,0.4509316401886296
2189.0,0.450925267436101
2190.0,0.4509200774129859
2191.0,0.45091599022692636
2192.0,0.4509129167519656
2193.0,0.4509107368376731
2194.0,0.45090945338951954
2195.0,0.4509087521705846
2196.0,0.45090849170743824
2197.0,0.45090842526471514
2198.0,0.45090830036179363
2199.0,0.45090814850722827
2200.0,0.4509077550535573
2201.0,0.45090715014253124
2202.0,0.4509065362429783
2203.0,0.4509059817568009
2204.0,0.45090582488371833
2205.0,0.45090624343144714
2206.0,0.4509073756875711
2207.0,0.45090912602392336
2208.0,0.4509115069745211
2209.0,0.4509145045901046
2210.0,0.4509179050733361
2211.0,0.4509215978892427
2212.0,0.4509252707846573
2213.0,0.45092865449575736
2214.0,0.45093141433276746
2215.0,0.45093333757094095
2216.0,0.450934090331806
2217.0,0.4509335149464595
2218.0,0.4509314769829876
2219.0,0.4509279088053965
2220.0,0.45092299970953775
2221.0,0.45091693713003184
2222.0,0.4509099630853748
2223.0,0.45090234584162603
2224.0,0.4508942847196438
2225.0,0.4508860222910701
2226.0,0.4508778486956282
2227.0,0.45087007482130387
2228.0,0.45086273784285763
2229.0,0.4508557393488408
2230.0,0.45084904456999164
2231.0,0.4508424205343149
2232.0,0.4508356258184309
2233.0,0.4508284939592543
2234.0,0.4508209610792077
2235.0,0.4508129210879752
2236.0,0.45080429709201536
2237.0,0.45079517577607303
2238.0,0.45078560814392366
2239.0,0.4507757088344405
2240.0,0.4507654439043079
2241.0,0.4507548934848063
2242.0,0.45074402585732376
2243.0,0.4507327889992039
2244.0,0.450721306661501
2245.0,0.4507095606743884
2246.0,0.4506974079580198
2247.0,0.4506848414434635
2248.0,0.4506718482466035
2249.0,0.45065849053191637
2250.0,0.4506447897989854
2251.0,0.4506308268280175
2252.0,0.45061681850316965
2253.0,0.45060280405179676
2254.0,0.45058885349012323
2255.0,0.45057518402827623
2256.0,0.45056181465271233
2257.0,0.45054891230426025
2258.0,0.4505366081206262
2259.0,0.450525067460537
2260.0,0.4505144187399766
2261.0,0.45050479653151193
2262.0,0.4504961065730927
2263.0,0.45048845632316664
2264.0,0.450481631074151
2265.0,0.4504755306478687
2266.0,0.45046985462793654
2267.0,0.45046424622176695
2268.0,0.4504585265463633
2269.0,0.45045241264039737
2270.0,0.45044580782671734
2271.0,0.450438908533563
2272.0,0.4504319421153383
2273.0,0.4504251268617517
2274.0,0.4504187863208365
2275.0,0.45041319656085044
2276.0,0.45040854113913353
2277.0,0.4504048399255689
2278.0,0.4504020506672323
2279.0,0.45039962619723223
2280.0,0.4503971619843389
2281.0,0.45039426010484324
2282.0,0.45039079413735733
2283.0,0.4503865995298832
2284.0,0.4503816147806435
2285.0,0.45037592325235604
2286.0,0.4503695931198266
2287.0,0.45036284515242675
2288.0,0.4503559466218499
2289.0,0.4503491552570826
2290.0,0.4503427240648844
2291.0,0.45033685655390504
2292.0,0.4503319954109931
2293.0,0.45032822661078187
2294.0,0.45032554084216536
2295.0,0.4503239555176055
2296.0,0.4503232995247357
2297.0,0.45032330608151067
2298.0,0.4503237247060359
2299.0,0.4503244280101999
2300.0,0.45032544793992957
2301.0,0.4503269154605537
2302.0,0.45032894700075676
2303.0,0.4503317402649297
2304.0,0.45033542795750287
2305.0,0.45033986916584273
2306.0,0.4503450839988782
2307.0,0.45035085361832217
2308.0,0.4503569241475203
2309.0,0.45036286523441316
2310.0,0.45036835199620145
2311.0,0.4503733297983686
2312.0,0.45037752800962577
2313.0,0.45038060935689966
2314.0,0.45038255757694207
2315.0,0.45038330788242537
2316.0,0.45038286785429066
2317.0,0.4503813789303235
2318.0,0.4503789186798546
2319.0,0.4503756600706846
2320.0,0.4503717796697171
2321.0,0.45036730495239374
2322.0,0.45036238696189673
2323.0,0.4503571809642796
2324.0,0.45035183480701957
2325.0,0.45034626929598126
2326.0,0.4503405016295203
2327.0,0.4503346112845556
2328.0,0.45032862832471376
2329.0,0.4503225824773768
2330.0,0.4503163439057607
2331.0,0.4503097574662811
2332.0,0.45030291027394265
2333.0,0.45029584040524884
2334.0,0.45028860137430315
2335.0,0.45028131571115215
2336.0,0.45027408426330323
2337.0,0.45026699680688637
2338.0,0.45026010876438066
2339.0,0.4502534853952596
2340.0,0.45024709412379904
2341.0,0.45024092417389455
2342.0,0.45023502145452354
2343.0,0.4502292848789841
2344.0,0.4502237149029572
2345.0,0.4502182564499765
2346.0,0.45021277754037553
2347.0,0.45020713833665216
2348.0,0.45020142394105483
2349.0,0.45019555366456154
2350.0,0.4501894539530507
2351.0,0.45018325749061894
2352.0,0.4501767966575229
2353.0,0.4501700129532432
2354.0,0.45016274553799207
2355.0,0.4501548893588513
2356.0,0.450146408206884
2357.0,0.45013727000251275
2358.0,0.4501274535669884
2359.0,0.4501169663342003
2360.0,0.4501058471749884
2361.0,0.4500941608441338
2362.0,0.4500820751174226
2363.0,0.4500696771443826
2364.0,0.45005725268044344
2365.0,0.4500448791546063
2366.0,0.4500326811442449
2367.0,0.45002076515996037
2368.0,0.45000924168630585
2369.0,0.4499979887921462
2370.0,0.44998696950235617
2371.0,0.44997604268595404
2372.0,0.44996512187119003
2373.0,0.44995410994192325
2374.0,0.44994306214725766
2375.0,0.4499320174400889
2376.0,0.4499212220126807
2377.0,0.4499107375343663
2378.0,0.44990070482890143
2379.0,0.4498910849847297
2380.0,0.4498821609356017
2381.0,0.44987402841272445
2382.0,0.4498666037644636
2383.0,0.44985977154273055
2384.0,0.4498534406348723
2385.0,0.4498474923938412
2386.0,0.44984171271417184
2387.0,0.4498359260548781
2388.0,0.4498299836068789
2389.0,0.4498236974951569
2390.0,0.44981686440837165
2391.0,0.4498092329331438
2392.0,0.4498007971877211
2393.0,0.4497914747654548
2394.0,0.4497813524904596
2395.0,0.44977050889459697
2396.0,0.44975912172063276
2397.0,0.44974752770850834
2398.0,0.44973604586575033
2399.0,0.4497248437292293
2400.0,0.4497142679686061
2401.0,0.4497043789763529
2402.0,0.4496953008390005
2403.0,0.44968699175182925
2404.0,0.44967945817976873
2405.0,0.44967258771208796
2406.0,0.4496660577701883
2407.0,0.4496598143282504
2408.0,0.44965371050942415
2409.0,0.44964771944319737
2410.0,0.44964184523481715
2411.0,0.4496361779228033
2412.0,0.4496309241680323
2413.0,0.44962613854091743
2414.0,0.44962188167610095
2415.0,0.4496182916685019
2416.0,0.44961547471326774
2417.0,0.4496135276017611
2418.0,0.4496124591547217
2419.0,0.449612148416545
2420.0,0.44961239160865735
2421.0,0.4496131103776734
2422.0,0.4496141192908677
2423.0,0.44961522801067116
2424.0,0.4496164732679215
2425.0,0.44961768806640584
2426.0,0.4496190303451741
2427.0,0.4496206659771509
2428.0,0.44962258696168717
2429.0,0.44962496834431676
2430.0,0.4496276648684522
2431.0,0.44963054661814555
2432.0,0.4496333603492322
2433.0,0.44963599776429514
2434.0,0.44963837678952495
2435.0,0.44964024789334534
2436.0,0.4496415210752535
2437.0,0.44964206634769927
2438.0,0.44964167674345157
2439.0,0.44964022086983313
2440.0,0.44963755734889954
2441.0,0.44963353840975734
2442.0,0.4496281150981781
2443.0,0.44962128096005827
2444.0,0.44961314135974145
2445.0,0.4496038403129292
2446.0,0.44959351426328376
2447.0,0.4495824199512619
2448.0,0.44957088569660764
2449.0,0.44955930395046945
2450.0,0.4495480949868328
2451.0,0.4495377776814471
2452.0,0.44952836576186606
2453.0,0.4495200614862308
2454.0,0.44951296051857353
2455.0,0.4495070379731923
2456.0,0.4495022900700325
2457.0,0.44949861343592407
2458.0,0.4494958542094941
2459.0,0.44949389307526116
2460.0,0.44949255242373826
2461.0,0.4494916653861018
2462.0,0.44949100604719955
2463.0,0.44949050494406917
2464.0,0.44948992724304704
2465.0,0.4494892613495661
2466.0,0.4494885202161398
2467.0,0.44948761277884963
2468.0,0.4494866506531725
2469.0,0.44948564736450297
2470.0,0.4494849886137143
2471.0,0.4494847584636857
2472.0,0.44948521464845553
2473.0,0.44948634293989276
2474.0,0.449487973894637
2475.0,0.44948995746501386
2476.0,0.4494922044767055
2477.0,0.44949461429539606
2478.0,0.44949700905799533
2479.0,0.449499435270276
2480.0,0.44950184099619933
2481.0,0.4495043601399995
2482.0,0.44950698285201374
2483.0,0.44950969100031307
2484.0,0.44951256872288875
2485.0,0.4495156136045483
2486.0,0.4495189575039036
2487.0,0.44952261071486027
2488.0,0.44952672861636295
2489.0,0.4495312729588083
2490.0,0.4495363025978897
2491.0,0.44954175144591485
2492.0,0.4495475209876609
2493.0,0.44955336443573546
2494.0,0.4495589066284183
2495.0,0.44956378915474804
2496.0,0.44956776750261823
2497.0,0.4495706159730137
2498.0,0.4495723002134642
2499.0,0.4495728696680531
2500.0,0.44957243125448826
